breakdown_platform_northbeam,campaign_name,adset_name,ad_name,spend,attributed_rev
Google Ads,US_PMax_Brand_AllProducts,US_PMax_Brand_AllProducts,US_PMax_Brand_AllProducts,10509.758547999998,20414.516666666663
Awin,AWIN / 318631 (custom spend input),AWIN / 318631 (custom spend input),AWIN / 318631 (custom spend input),3533.3599999999997,0.0
Google Ads,US_PMax_Brand_Consumables,US_PMax_Brand_Consumables,US_PMax_Brand_Consumables,2352.0618849999996,4842.04
Google Ads,US_Search_Brand_Alone_Exact,BR_Alone_Exact,752271584784 (RESPONSIVE_SEARCH_AD),2035.48186,11557.378333333334
Awin,AWIN / 1249057 (custom spend input),AWIN / 1249057 (custom spend input),AWIN / 1249057 (custom spend input),864.7399999999999,0.0
Awin,AWIN / 1832470 (custom spend input),AWIN / 1832470 (custom spend input),AWIN / 1832470 (custom spend input),783.7599999999996,0.0
Facebook Ads,SB | Body Care & Supplements | Creative Testing | 42225,HD015 - ADV+ | 25+ M/F | Shellie Edington | All Exclusions | 052825,SB_HD_ShellieEdingtonPost_v1_PDP_052825 - Copy,692.7400019999999,394.5
Awin,AWIN / 1145323 (custom spend input),AWIN / 1145323 (custom spend input),AWIN / 1145323 (custom spend input),654.3200000000002,0.0
Facebook Ads,US | ASC DYN | 031225 | CVN | Purchases | Volume | DABA  Campaign,US | ASC DYN | 031225 | CVN | Purchases | Volume | DABA  Ad set,MULT | DYN |  | MULTI PRODUCT |  | 0114 | AOV $250+ | DPA,640.83,0.0
Awin,AWIN / 1684315 (custom spend input),AWIN / 1684315 (custom spend input),AWIN / 1684315 (custom spend input),582.7299999999999,0.0
Awin,AWIN / 1400871 (custom spend input),AWIN / 1400871 (custom spend input),AWIN / 1400871 (custom spend input),582.3199999999999,0.0
ShopMyShelf,ShopMy / Natural Nadine (custom spend input),ShopMy / Natural Nadine (custom spend input),ShopMy / Natural Nadine (custom spend input),540.5799999999999,0.0
Awin,AWIN / 301377 (custom spend input),AWIN / 301377 (custom spend input),AWIN / 301377 (custom spend input),512.49,0.0
Facebook Ads,US | ASC DYN | 030525 | CVN | Purchases | Value DABA Campaign,US | ASC DYN | 030525 | CVN | Purchases | Value DABA Ad set,MULT | DYN |  | MULTI PRODUCT |  | 0114 | AOV $250+ | DPA,478.29,404.1
Awin,AWIN / 156708 (custom spend input),AWIN / 156708 (custom spend input),AWIN / 156708 (custom spend input),467.79,0.0
Awin,AWIN / 78888 (custom spend input),AWIN / 78888 (custom spend input),AWIN / 78888 (custom spend input),460.2400000000002,0.0
ShopMyShelf,ShopMy / Penny Smith (custom spend input),ShopMy / Penny Smith (custom spend input),ShopMy / Penny Smith (custom spend input),273.4899999999999,0.0
ShopMyShelf,ShopMy / Melissa Wood-Tepperberg (custom spend input),ShopMy / Melissa Wood-Tepperberg (custom spend input),ShopMy / Melissa Wood-Tepperberg (custom spend input),266.5400000000001,0.0
Awin,AWIN / 1794812 (custom spend input),AWIN / 1794812 (custom spend input),AWIN / 1794812 (custom spend input),266.1100000000001,0.0
Pinterest,2025-05-05 16:52 UTC | Catalog sales,2025-05-05 16:52 UTC | Performance+ retargeting ad group,PG: All Products,244.054387,0.0
Awin,AWIN / 1913466 (custom spend input),AWIN / 1913466 (custom spend input),AWIN / 1913466 (custom spend input),240.84999999999997,0.0
ShopMyShelf,ShopMy / Bethenny Frankel (custom spend input),ShopMy / Bethenny Frankel (custom spend input),ShopMy / Bethenny Frankel (custom spend input),222.80999999999997,0.0
Facebook Ads,US | ASC DYN | 070325 | CVN | Purchases | Value DABA Campaign,US | ASC DYN | 030525 | CVN | Existing Customer | Purchases | Value DABA Ad set,Advantage+ catalog ad (Product + bundles over $300),217.15999999999997,0.0
Google Ads,US_Brand_Core,Brand_Website,752274987324 (RESPONSIVE_SEARCH_AD),216.160275,349.0
Awin,AWIN / 1470094 (custom spend input),AWIN / 1470094 (custom spend input),AWIN / 1470094 (custom spend input),214.5999999999999,0.0
Awin,AWIN / 1764625 (custom spend input),AWIN / 1764625 (custom spend input),AWIN / 1764625 (custom spend input),214.5999999999999,0.0
Awin,AWIN / 1682827 (custom spend input),AWIN / 1682827 (custom spend input),AWIN / 1682827 (custom spend input),190.02,0.0
Awin,AWIN / 723473 (custom spend input),AWIN / 723473 (custom spend input),AWIN / 723473 (custom spend input),178.83999999999992,0.0
Awin,AWIN / 81392 (custom spend input),AWIN / 81392 (custom spend input),AWIN / 81392 (custom spend input),174.59,0.0
Awin,AWIN / 1694801 (custom spend input),AWIN / 1694801 (custom spend input),AWIN / 1694801 (custom spend input),168.51000000000002,0.0
ShopMyShelf,ShopMy / Justin Anderson (custom spend input),ShopMy / Justin Anderson (custom spend input),ShopMy / Justin Anderson (custom spend input),165.36999999999995,0.0
ShopMyShelf,ShopMy / Paige Paxton Pugh (custom spend input),ShopMy / Paige Paxton Pugh (custom spend input),ShopMy / Paige Paxton Pugh (custom spend input),165.10999999999996,0.0
Facebook Ads,US | ASC DYN | 031225 | CVN | Purchases | Volume | DABA  Campaign,US | ASC DYN | 031225 | CVN | Purchases | Volume | DABA  Ad set,MULT | DYN |  | MULTI PRODUCT | 0305 | All Products| DPA,154.89,0.0
Awin,AWIN / 1006553 (custom spend input),AWIN / 1006553 (custom spend input),AWIN / 1006553 (custom spend input),143.84999999999997,0.0
Awin,AWIN / 1682753 (custom spend input),AWIN / 1682753 (custom spend input),AWIN / 1682753 (custom spend input),139.81,0.0
ShopMyShelf,ShopMy / Caroline Solomon (custom spend input),ShopMy / Caroline Solomon (custom spend input),ShopMy / Caroline Solomon (custom spend input),135.09999999999994,0.0
Awin,AWIN / 1733931 (custom spend input),AWIN / 1733931 (custom spend input),AWIN / 1733931 (custom spend input),127.79999999999995,0.0
Awin,AWIN / 1004849 (custom spend input),AWIN / 1004849 (custom spend input),AWIN / 1004849 (custom spend input),109.57999999999996,0.0
ShopMyShelf,ShopMy / Dr. Zion Ko Lamm (custom spend input),ShopMy / Dr. Zion Ko Lamm (custom spend input),ShopMy / Dr. Zion Ko Lamm (custom spend input),104.36999999999998,0.0
Pinterest,2025-05-05 16:52 UTC | Catalog sales,2025-05-05 16:52 UTC | Performance+ ad group,PG: All Products,104.10358,0.0
Awin,AWIN / 331035 (custom spend input),AWIN / 331035 (custom spend input),AWIN / 331035 (custom spend input),102.36,0.0
Google Ads,US_Brand_Alone_Phrase,Brand_Alone_Phrase,752273678541 (RESPONSIVE_SEARCH_AD),100.70779,0.0
Facebook Ads,US | ASC DYN | 070325 | CVN | Purchases | Value DABA Campaign,US | ASC DYN | 030525 | CVN | Existing Customer | Purchases | Value DABA Ad set,DPA_AllProducts_PROMOMessaging,100.27,0.0
Awin,AWIN / 407399 (custom spend input),AWIN / 407399 (custom spend input),AWIN / 407399 (custom spend input),97.29999999999994,0.0
ShopMyShelf,ShopMy / Dani Smith (custom spend input),ShopMy / Dani Smith (custom spend input),ShopMy / Dani Smith (custom spend input),93.22000000000003,0.0
Awin,AWIN / 1751937 (custom spend input),AWIN / 1751937 (custom spend input),AWIN / 1751937 (custom spend input),90.78999999999996,0.0
Awin,AWIN / 1843320 (custom spend input),AWIN / 1843320 (custom spend input),AWIN / 1843320 (custom spend input),90.78999999999996,0.0
Google Ads,US_Brand_Alone_Phrase,Brand_Alone_Phrase,727749498895 (RESPONSIVE_SEARCH_AD),90.584562,179.75
Google Ads,US_Brand_Consumables,Brand_BodyCare,753905099716 (RESPONSIVE_SEARCH_AD),87.611355,0.0
Awin,AWIN / 216551 (custom spend input),AWIN / 216551 (custom spend input),AWIN / 216551 (custom spend input),82.70000000000003,0.0
Awin,AWIN / 301841 (custom spend input),AWIN / 301841 (custom spend input),AWIN / 301841 (custom spend input),74.44,0.0
Awin,AWIN / 96290 (custom spend input),AWIN / 96290 (custom spend input),AWIN / 96290 (custom spend input),73.05000000000003,0.0
Awin,AWIN / 137521 (custom spend input),AWIN / 137521 (custom spend input),AWIN / 137521 (custom spend input),72.82000000000002,0.0
Facebook Ads,US | ASC DYN | 070325 | CVN | Purchases | Value DABA Campaign,US | ASC DYN | 070325 | New Customer | CVN | Purchases | Value DABA Ad set,Advantage+ catalog ad (Product + bundles over $300),72.64999999999998,0.0
Awin,AWIN / 1783336 (custom spend input),AWIN / 1783336 (custom spend input),AWIN / 1783336 (custom spend input),67.7,0.0
ShopMyShelf,ShopMy / Holly (custom spend input),ShopMy / Holly (custom spend input),ShopMy / Holly (custom spend input),67.55999999999999,0.0
Awin,AWIN / 1852528 (custom spend input),AWIN / 1852528 (custom spend input),AWIN / 1852528 (custom spend input),66.39,0.0
Awin,AWIN / 214459 (custom spend input),AWIN / 214459 (custom spend input),AWIN / 214459 (custom spend input),65.90000000000003,0.0
Awin,AWIN / 822461 (custom spend input),AWIN / 822461 (custom spend input),AWIN / 822461 (custom spend input),64.03000000000004,0.0
ShopMyShelf,ShopMy / Grace Atwood (custom spend input),ShopMy / Grace Atwood (custom spend input),ShopMy / Grace Atwood (custom spend input),62.08999999999999,0.0
Awin,AWIN / 1709929 (custom spend input),AWIN / 1709929 (custom spend input),AWIN / 1709929 (custom spend input),61.209999999999965,0.0
Facebook Ads,US | ASC DYN | 070325 | CVN | Purchases | Value DABA Campaign,US | ASC DYN | 030525 | CVN | Existing Customer | Purchases | Value DABA Ad set,DPA_AllProducts_20%OFF-Frame_PROMOMessaging - Copy,59.67,0.0
Awin,AWIN / 789945 (custom spend input),AWIN / 789945 (custom spend input),AWIN / 789945 (custom spend input),57.84,0.0
Awin,AWIN / 1686315 (custom spend input),AWIN / 1686315 (custom spend input),AWIN / 1686315 (custom spend input),55.179999999999986,0.0
Awin,AWIN / 271445 (custom spend input),AWIN / 271445 (custom spend input),AWIN / 271445 (custom spend input),54.67999999999999,0.0
ShopMyShelf,ShopMy / Trina Albus (custom spend input),ShopMy / Trina Albus (custom spend input),ShopMy / Trina Albus (custom spend input),50.86999999999999,0.0
ShopMyShelf,ShopMy / Elizabeth Kott (custom spend input),ShopMy / Elizabeth Kott (custom spend input),ShopMy / Elizabeth Kott (custom spend input),50.86999999999999,0.0
TikTok,SB | SPC - Spark Ads | Testing | COL | 042825,Ad group 20250428083655,_001,50.040000000000006,0.0
ShopMyShelf,ShopMy / Katie Stone (custom spend input),ShopMy / Katie Stone (custom spend input),ShopMy / Katie Stone (custom spend input),47.11999999999999,0.0
ShopMyShelf,"ShopMy / Lindsey Zubritsky, MD, FAAD (custom spend input)","ShopMy / Lindsey Zubritsky, MD, FAAD (custom spend input)","ShopMy / Lindsey Zubritsky, MD, FAAD (custom spend input)",44.49999999999999,0.0
ShopMyShelf,ShopMy / Kristin Leite (custom spend input),ShopMy / Kristin Leite (custom spend input),ShopMy / Kristin Leite (custom spend input),44.49999999999999,0.0
ShopMyShelf,ShopMy / Brian Ellingwood (custom spend input),ShopMy / Brian Ellingwood (custom spend input),ShopMy / Brian Ellingwood (custom spend input),44.49999999999999,0.0
Awin,AWIN / 181013 (custom spend input),AWIN / 181013 (custom spend input),AWIN / 181013 (custom spend input),43.93,0.0
Awin,AWIN / 155506 (custom spend input),AWIN / 155506 (custom spend input),AWIN / 155506 (custom spend input),35.97000000000001,0.0
Google Ads,US_Brand_Core,Brand_FSA/HSA,760715648290 (RESPONSIVE_SEARCH_AD),34.512078,0.0
Google Ads,US_Brand_Core,Brand_Infrared,728703997192 (RESPONSIVE_SEARCH_AD),29.036767,0.0
Awin,AWIN / 1685453 (custom spend input),AWIN / 1685453 (custom spend input),AWIN / 1685453 (custom spend input),28.37000000000001,0.0
Awin,AWIN / 1696583 (custom spend input),AWIN / 1696583 (custom spend input),AWIN / 1696583 (custom spend input),25.87,0.0
Facebook Ads,US | ASC DYN | 070325 | CVN | Purchases | Value DABA Campaign,US | ASC DYN | 070325 | New Customer | CVN | Purchases | Value DABA Ad set,DPA_AllProducts_20%OFF-Frame_PROMOMessaging - Copy,22.380000000000003,0.0
Awin,AWIN / 328967 (custom spend input),AWIN / 328967 (custom spend input),AWIN / 328967 (custom spend input),21.16,0.0
Awin,AWIN / 860229 (custom spend input),AWIN / 860229 (custom spend input),AWIN / 860229 (custom spend input),20.49000000000001,0.0
TikTok,SB | SPC - Spark Ads | Testing | COL | 042825,Ad group 20250428083655,_001,20.18,0.0
Google Ads,US_Brand_Consumables,Brand_Supplements,753993765746 (RESPONSIVE_SEARCH_AD),19.722384,0.0
Google Ads,US_Brand_Core,Brand_Accessories,760681777143 (RESPONSIVE_SEARCH_AD),17.831628,0.0
ShopMyShelf,ShopMy / Chloe Brennan (custom spend input),ShopMy / Chloe Brennan (custom spend input),ShopMy / Chloe Brennan (custom spend input),14.850000000000003,0.0
Awin,AWIN / 162254 (custom spend input),AWIN / 162254 (custom spend input),AWIN / 162254 (custom spend input),14.480000000000002,0.0
Awin,AWIN / 696205 (custom spend input),AWIN / 696205 (custom spend input),AWIN / 696205 (custom spend input),11.17,0.0
Awin,AWIN / 213861 (custom spend input),AWIN / 213861 (custom spend input),AWIN / 213861 (custom spend input),9.400000000000002,0.0
ShopMyShelf,ShopMy / Katherine Garbarino (custom spend input),ShopMy / Katherine Garbarino (custom spend input),ShopMy / Katherine Garbarino (custom spend input),7.9600000000000035,0.0
Google Ads,US_Brand_Core,Brand_Infrared,760717628341 (RESPONSIVE_SEARCH_AD),4.74,0.0
Google Ads,US_Brand_Core,Brand_Accessories,728667497930 (RESPONSIVE_SEARCH_AD),3.444336,0.0
Facebook Ads,US | ASC DYN | 070325 | CVN | Purchases | Value DABA Campaign,US | ASC DYN | 030525 | CVN | Existing Customer | Purchases | Value DABA Ad set,DPA_WellnessTech_$700+,0.37,0.0
Google Ads,[SB] - Evergreen - Demand Gen,ToF ad group - In market + Affinity + Non-Brand Terms + Competitor Terms & Website Visits,TOF_UGC_MultiSku_UGC-Broll_Evergreen_Self-Care,0.045017,0.0
Other,Referral: nypost.com,Referral: nypost.com,Referral: nypost.com,0.0,0.0
ShopMyShelf,Audrey Diamont ,(no name),Wellness goods ,0.0,0.0
ShopMyShelf,Babba,(no name),Skincare ,0.0,0.0
ShopMyShelf,Bethenny Frankel,(no name),Beauty Tools,0.0,0.0
ShopMyShelf,Bethenny Frankel,(no name),Current Obsessions,0.0,0.0
ShopMyShelf,Bethenny Frankel,(no name),Current Obsessions of 2024,0.0,0.0
ShopMyShelf,Bethenny Frankel,(no name),Last Minute Gifts,0.0,0.0
ShopMyShelf,Bettina Anderson,(no name),Bettina's Shelf ,0.0,0.0
ShopMyShelf,Brazilian Girl Channel,(no name),Beauty from the inside out,0.0,0.0
ShopMyShelf,Brett Chody,(no name),Quick Link,0.0,0.0
ShopMyShelf,Brian Ellingwood,(no name),"All Cap, Beauty",0.0,296.65
ShopMyShelf,Brian Ellingwood,(no name),Quick Link,0.0,0.0
Other,Referral: pompaprogram.com,Referral: pompaprogram.com,Referral: pompaprogram.com,0.0,0.0
ShopMyShelf,Briana Owen,(no name),WELLNESS FAVORITES,0.0,0.0
ShopMyShelf,Briana Owen,(no name),Wellness Tools,0.0,0.0
ShopMyShelf,Brigette Muller,(no name),Quick Link,0.0,0.0
ShopMyShelf,Brynley Joyner,(no name),wellness morning routine,0.0,0.0
Other,Referral: pickalink.com,Referral: pickalink.com,Referral: pickalink.com,0.0,0.0
ShopMyShelf,CAROLINE CANDACE,(no name),for the wellness lover,0.0,0.0
ShopMyShelf,CAROLINE CANDACE,(no name),wellness   fitness ,0.0,0.0
Other,Referral: ouraring.com,Referral: ouraring.com,Referral: ouraring.com,0.0,0.0
Other,Referral: office.net,Referral: office.net,Referral: office.net,0.0,0.0
ShopMyShelf,Aubri ,(no name),"but first, skin",0.0,0.0
Other,Referral: thingtesting.com,Referral: thingtesting.com,Referral: thingtesting.com,0.0,0.0
ShopMyShelf,Ashley Campuzano,(no name),Health/Wellness,0.0,0.0
ShopMyShelf,Alexandra Wildeson,(no name),Wellness Tech,0.0,0.0
ShareASale,4235071,(no name),(no name),0.0,0.0
ShareASale,687298,(no name),(no name),0.0,0.0
ShareASale,Referral: shareasale-analytics.com,Referral: shareasale-analytics.com,Referral: shareasale-analytics.com,0.0,0.0
ShareASale,UTM [shareasale / (not set)],(no name),(no name),0.0,0.0
ShopMyShelf,Alee Hefton,(no name),HEALTH,0.0,0.0
ShopMyShelf,Alexa Kort,(no name),Haircare ,0.0,0.0
ShopMyShelf,Alexandra Wildeson,(no name),How to Sleep Good,0.0,0.0
ShopMyShelf,Alexandra Wildeson,(no name),Quick Link,0.0,0.0
ShopMyShelf,Alexandra Wildeson,(no name),Spoonie‚Äôs Duvet Day,0.0,0.0
ShopMyShelf,Allison Thompson ,(no name),Fitness,0.0,0.0
ShopMyShelf,Anna Mondanaro,(no name),Wellness Favorites,0.0,0.0
ShopMyShelf,Alyssa Julya Smith,(no name),Collection name here,0.0,0.0
ShopMyShelf,Alyssa Lynch,(no name),nervous system regulation tools,0.0,0.0
ShopMyShelf,Amanda Quinn,(no name),Mother's Day '25,0.0,0.0
ShopMyShelf,Amanda Quinn,(no name),Quick Link,0.0,0.0
ShopMyShelf,Amy Komorowski,(no name),Beyond 40,0.0,0.0
ShopMyShelf,Andrea Linett,(no name),Quick Link,0.0,0.0
ShopMyShelf,Andreea Ali,(no name),My Discount Codes,0.0,0.0
ShopMyShelf,Andreea Ali,(no name),Quick Link,0.0,0.0
ShopMyShelf,Angela Flotken,(no name),Quick Link,0.0,0.0
ShopMyShelf,Caitlin Fierro,(no name),Wellness,0.0,0.0
Other,Referral: nostra.ai,Referral: nostra.ai,Referral: nostra.ai,0.0,0.0
Other,Referral: thisiskatemurphy.com,Referral: thisiskatemurphy.com,Referral: thisiskatemurphy.com,0.0,0.0
Other,Referral: menshealth.com,Referral: menshealth.com,Referral: menshealth.com,0.0,0.0
ShopMyShelf,Dr. Caroline Robinson,(no name),Beauty Tech: Advanced Skin Tools,0.0,0.0
ShopMyShelf,Dr. Selene Dunham,(no name),Wellness,0.0,0.0
Other,Referral: mysoulara.com,Referral: mysoulara.com,Referral: mysoulara.com,0.0,0.0
Other,Referral: myshopify.com,Referral: myshopify.com,Referral: myshopify.com,0.0,0.0
ShopMyShelf,Dr. Shereene Idriss,(no name),How to Boost Collagen,0.0,0.0
Other,Referral: mturkcontent.com,Referral: mturkcontent.com,Referral: mturkcontent.com,0.0,0.0
ShopMyShelf,Dr. Shereene Idriss,(no name),How to Reduce Wrinkles,0.0,0.0
Other,Referral: microsoft.com,Referral: microsoft.com,Referral: microsoft.com,0.0,0.0
Other,Referral: meta.com,Referral: meta.com,Referral: meta.com,0.0,0.0
ShopMyShelf,Dr. Shereene Idriss,(no name),LED Light Therapy Devices,0.0,0.0
Other,Referral: newzapiens.com,Referral: newzapiens.com,Referral: newzapiens.com,0.0,0.0
ShopMyShelf,Dr. Zion Ko Lamm,(no name),BLACK FRIDAY ,0.0,0.0
Other,Referral: media-joy.co,Referral: media-joy.co,Referral: media-joy.co,0.0,0.0
Other,Referral: md-hq.com,Referral: md-hq.com,Referral: md-hq.com,0.0,0.0
Other,Referral: lustre.nyc,Referral: lustre.nyc,Referral: lustre.nyc,0.0,0.0
ShopMyShelf,Dr. Zion Ko Lamm,(no name),Dr. Zion's Holy Grails,0.0,0.0
Other,Referral: lumivisage.com,Referral: lumivisage.com,Referral: lumivisage.com,0.0,0.0
Other,Referral: loridennis.com,Referral: loridennis.com,Referral: loridennis.com,0.0,0.0
Other,Referral: loopreturns.com,Referral: loopreturns.com,Referral: loopreturns.com,0.0,0.0
ShopMyShelf,Dr. Zion Ko Lamm,(no name),Quick Link,0.0,0.0
ShopMyShelf,Doctors Helping You Thrive ,(no name),Biohacking Tools,0.0,0.0
ShopMyShelf,Doctors Helping You Thrive ,(no name),Beauty ,0.0,0.0
ShopMyShelf,Diane Boitet,(no name),Quick Link,0.0,0.0
ShopMyShelf,Danielle Prescod,(no name),Quick Link,0.0,0.0
ShopMyShelf,Camille Styles,(no name),MY DISCOUNT CODES,0.0,0.0
Other,Referral: newbeauty.com,Referral: newbeauty.com,Referral: newbeauty.com,0.0,0.0
Other,Referral: naver.com,Referral: naver.com,Referral: naver.com,0.0,0.0
ShopMyShelf,Camille Styles,(no name),Quick Link,0.0,0.0
ShopMyShelf,Cat And Nat,(no name),Quick Link,0.0,0.0
ShopMyShelf,Cathy Williamson,(no name),Quick Link,0.0,0.0
ShopMyShelf,Charlotte Palermino,(no name),Devices,0.0,0.0
ShopMyShelf,Charlotte Palermino,(no name),Skin Codes,0.0,0.0
ShopMyShelf,Charlotte Palermino,(no name),Skin Devices That Are Actually Worth It: Extra discount w/code,0.0,0.0
ShopMyShelf,Chelsea Yamase,(no name),Beauty/sunscreen,0.0,0.0
ShopMyShelf,Chloe Brennan,(no name),Bath Essentials ,0.0,99.0
ShopMyShelf,Chloe Brennan,(no name),Must haves,0.0,0.0
ShopMyShelf,Christa Belle,(no name),Quick Link,0.0,0.0
ShopMyShelf,Claire,(no name),Wellness Tools,0.0,0.0
ShopMyShelf,Claire Baxter,(no name),STRESS MANAGEMENT ,0.0,0.0
ShopMyShelf,Claudia Rolnick,(no name),Devices,0.0,0.0
ShopMyShelf,Claudia Sulewski,(no name),Gifts for Him,0.0,0.0
ShopMyShelf,DENISE HOOPER,(no name),FOMO~on my radar,0.0,0.0
ShopMyShelf,Dani Smith,(no name),Quick Link,0.0,621.5
ShareASale,4219434,(no name),(no name),0.0,0.0
ShareASale,4166716,(no name),(no name),0.0,0.0
ShareASale,4150349,(no name),(no name),0.0,0.0
Other,Referral: seedwellness.co,Referral: seedwellness.co,Referral: seedwellness.co,0.0,0.0
Other,Referral: supplierhq.io,Referral: supplierhq.io,Referral: supplierhq.io,0.0,0.0
Other,Referral: substack.com,Referral: substack.com,Referral: substack.com,0.0,0.0
Other,Referral: studysafar.com,Referral: studysafar.com,Referral: studysafar.com,0.0,0.0
Other,Referral: startpage.com,Referral: startpage.com,Referral: startpage.com,0.0,0.0
Other,Referral: squarespace.com,Referral: squarespace.com,Referral: squarespace.com,0.0,0.0
Other,Referral: smarsearch.com,Referral: smarsearch.com,Referral: smarsearch.com,0.0,0.0
Other,Referral: shoptastic.io,Referral: shoptastic.io,Referral: shoptastic.io,0.0,0.0
Other,Referral: shopifypreview.com,Referral: shopifypreview.com,Referral: shopifypreview.com,0.0,0.0
Other,Referral: seznam.cz,Referral: seznam.cz,Referral: seznam.cz,0.0,0.0
Other,Referral: saltlakenaturopathic.com,Referral: saltlakenaturopathic.com,Referral: saltlakenaturopathic.com,0.0,0.0
Other,Referral: techktimes.co.uk,Referral: techktimes.co.uk,Referral: techktimes.co.uk,0.0,0.0
Other,Referral: salesforce.com,Referral: salesforce.com,Referral: salesforce.com,0.0,0.0
Other,Referral: youngforeverbook.com,Referral: youngforeverbook.com,Referral: youngforeverbook.com,0.0,0.0
Other,UTM [chatgpt / (not set)],(no name),(no name),0.0,0.0
Other,UTM [chatgpt.com / (not set)],(no name),(no name),0.0,778.8
Other,UTM [chatgpt.com / 101248],(no name),(no name),0.0,0.0
Other,UTM [perplexity / (not set)],(no name),(no name),0.0,0.0
Other,button_list_JoinourAffiliateProgram,(no name),(no name),0.0,0.0
Other,button_list_ShopHigherDOSE,(no name),(no name),0.0,1670.3000000000002
Other,button_list_WatchourAwardWinningshowBiohackHers,(no name),(no name),0.0,0.0
Other,Referral: tap.bio,Referral: tap.bio,Referral: tap.bio,0.0,0.0
Other,Referral: thebeingcollective.co,Referral: thebeingcollective.co,Referral: thebeingcollective.co,0.0,0.0
ShareASale,4039536,(no name),(no name),0.0,0.0
Other,Referral: voicecommandsearcher.com,Referral: voicecommandsearcher.com,Referral: voicecommandsearcher.com,0.0,0.0
Other,Referral: threads.com,Referral: threads.com,Referral: threads.com,0.0,0.0
Other,Referral: topease.net,Referral: topease.net,Referral: topease.net,0.0,0.0
Other,Referral: townandcountrymag.com,Referral: townandcountrymag.com,Referral: townandcountrymag.com,0.0,0.0
Other,Referral: translate.goog,Referral: translate.goog,Referral: translate.goog,0.0,0.0
Other,Referral: truemed.com,Referral: truemed.com,Referral: truemed.com,0.0,663.5999999999999
Other,Referral: upwork.com,Referral: upwork.com,Referral: upwork.com,0.0,0.0
Other,Referral: vogue.co.uk,Referral: vogue.co.uk,Referral: vogue.co.uk,0.0,0.0
Other,Referral: vogue.com,Referral: vogue.com,Referral: vogue.com,0.0,0.0
Other,Referral: voguearabia.com,Referral: voguearabia.com,Referral: voguearabia.com,0.0,0.0
Other,Referral: wellrado.com,Referral: wellrado.com,Referral: wellrado.com,0.0,0.0
Other,Referral: thecenterforfunctionalhealth.com,Referral: thecenterforfunctionalhealth.com,Referral: thecenterforfunctionalhealth.com,0.0,0.0
Other,Referral: westonaprice.org,Referral: westonaprice.org,Referral: westonaprice.org,0.0,0.0
Other,Referral: winninghunter.com,Referral: winninghunter.com,Referral: winninghunter.com,0.0,0.0
Other,Referral: womenshealthmag.com,Referral: womenshealthmag.com,Referral: womenshealthmag.com,0.0,0.0
Other,Referral: wordsmuse.com,Referral: wordsmuse.com,Referral: wordsmuse.com,0.0,0.0
Other,Referral: workplace.com,Referral: workplace.com,Referral: workplace.com,0.0,0.0
Other,Referral: yelp.com,Referral: yelp.com,Referral: yelp.com,0.0,0.0
Other,Referral: thenowmassage.com,Referral: thenowmassage.com,Referral: thenowmassage.com,0.0,0.0
Other,Referral: thecut.com,Referral: thecut.com,Referral: thecut.com,0.0,0.0
Other,Referral: thecontentstorm.com,Referral: thecontentstorm.com,Referral: thecontentstorm.com,0.0,0.0
Other,domain_click,(no name),(no name),0.0,0.0
Other,fNOlrFrNCg // CnppSUid AAy lrK IPjTDeog (O7byDq),(no name),(no name),0.0,0.0
Other,feed,(no name),(no name),0.0,0.0
ShareASale,1844769,(no name),(no name),0.0,0.0
Pinterest,US | Prospecting | 110824 | CVN | Purchase | PerformancePlus,687280762083,US | Prospecting | 110824 | CVN | Purchases | PerformancePlus | 18  | BRD | CVN,0.0,0.0
Pinterest,pinterest,(no name),(no name),0.0,0.0
Pinterest,{{campaign.name}},(no name),{{adgroup.name}}_{{ad.name}},0.0,0.0
Postscript,UTM [postscript / sms],(no name),(no name),0.0,0.0
Reddit,Referral: reddit.com,Referral: reddit.com,Referral: reddit.com,0.0,0.0
ShareASale,1006640,(no name),(no name),0.0,0.0
ShareASale,1122310,(no name),(no name),0.0,0.0
ShareASale,1422416,(no name),(no name),0.0,0.0
ShareASale,1688458,(no name),(no name),0.0,0.0
ShareASale,1859475,(no name),(no name),0.0,0.0
ShopMyShelf,Dr. Zion Ko Lamm,(no name),Super Bowl Sunday Wellness Routine,0.0,0.0
ShareASale,2042404,(no name),(no name),0.0,0.0
ShareASale,2516683,(no name),(no name),0.0,0.0
ShareASale,2725096,(no name),(no name),0.0,0.0
ShareASale,2793437,(no name),(no name),0.0,0.0
ShareASale,3169903,(no name),(no name),0.0,0.0
ShareASale,3457388,(no name),(no name),0.0,0.0
ShareASale,3767878,(no name),(no name),0.0,0.0
ShareASale,3808563,(no name),(no name),0.0,0.0
ShareASale,3859240,(no name),(no name),0.0,0.0
Pinterest,US | Awareness | Traffic | 020524 | AWN | OB clicks | Manual,687280204243,US | Awareness | Traffic | 020524 | AWN | OB clicks | Interests and Keywords | 18  ,0.0,0.0
Other,Referral: presearch.com,Referral: presearch.com,Referral: presearch.com,0.0,0.0
Other,Referral: publuu.com,Referral: publuu.com,Referral: publuu.com,0.0,0.0
Other Email,aa5eef5718-EMAIL_CAMPAIGN_2024_12_16_04_56,0_e07cadec60-8a495fdbd7-587954198,(no name),0.0,0.0
Other,{{campaign.name}},{{ad.id}},{{ad.name}},0.0,0.0
Other Email,021725BiohackingYourNightSkinCareRoutineblog,(no name),(no name),0.0,0.0
Other Email,032125SpringEquinoxEventUS,(no name),(no name),0.0,0.0
Other Email,032525MetabolismStrengthtraining,(no name),(no name),0.0,0.0
Other Email,040425Sephorasalebegins,(no name),(no name),0.0,0.0
Other Email,041025WhatHappenstoYourBodyinanInfraredSession,(no name),(no name),0.0,0.0
Other Email,041125Activateyourdetoxpathway,(no name),(no name),0.0,0.0
Other Email,041525Reverseyourtechneck,(no name),(no name),0.0,0.0
Other Email,041725RecalibrateyourNervousSystemwithContrastTherapy,(no name),(no name),0.0,0.0
Other Email,042525BlueZones,(no name),(no name),0.0,0.0
Other Email,06.29.25 GTM,Go-To-Millions,(no name),0.0,0.0
Other Email,ActiveonSiteEmail1,(no name),(no name),0.0,0.0
Other Email,ActiveonSiteEmail2,(no name),(no name),0.0,0.0
Other Email,ActiveonSiteEmail3,(no name),(no name),0.0,59.55
Other Email,Chris Kresser General News,(no name),203995807,0.0,0.0
Other Email,Referral: android.gm,Referral: android.gm,Referral: android.gm,0.0,0.0
Other Email,UTM [email / (not set)],(no name),(no name),0.0,0.0
Other Email,UTM [hs_email / email],(no name),2,0.0,0.0
Other Email,UTM [substack / email],(no name),(no name),0.0,0.0
Other,the-12-week-hack-to-achieve-more-a-new-vitamin-c-benefit-sleep-debt-could-hurt-your-heart,(no name),(no name),0.0,0.0
ActiveCampaign,The Overlooked Link Between Perimenopause and Thyroid Health üîç,(no name),The Overlooked Link Between Perimenopause and Thyroid Health üîç,0.0,0.0
ShopMyShelf,Dr. Zion Ko Lamm,(no name),discount codes ,0.0,0.0
ShopMyShelf,Dr. Zion Ko Lamm,(no name),hair loss,0.0,0.0
ShopMyShelf,Sarah Redzikowski ,(no name),Body Care,0.0,0.0
ShopMyShelf,Sarah Slaper,(no name),Bedtime Routine,0.0,0.0
ShopMyShelf,Sarah Tucker,(no name),Quick Link,0.0,0.0
ShopMyShelf,Sarah Wragge ,(no name),Favorite Detoxing Tools,0.0,0.0
ShopMyShelf,Shannon Bailee,(no name),Bodycare,0.0,0.0
ShopMyShelf,Shellie Edington,(no name),Quick Link,0.0,0.0
ShopMyShelf,Shelly Marshall,(no name),Skincare tools   devices I love,0.0,0.0
ShopMyShelf,ShopMy,(no name),Quick Link,0.0,0.0
ShopMyShelf,Smooch Wellness,(no name),LED light therapy devices,0.0,0.0
ShopMyShelf,Sophie,(no name),Feeling My Best After Babies,0.0,0.0
ShopMyShelf,Sophie,(no name),Linked Lately,0.0,0.0
ShopMyShelf,Sophie,(no name),Quick Link,0.0,0.0
ShopMyShelf,Steph Currie,(no name),Infra Red,0.0,0.0
ShopMyShelf,Suzanne Hall ,(no name),Quick Link,0.0,0.0
ShopMyShelf,THE DEWIEST,(no name),SKINCARE DEVICES,0.0,0.0
ShopMyShelf,Tamara Renee,(no name),HigherDose,0.0,0.0
ShopMyShelf,Tess Lujan,(no name),Quick Link,0.0,0.0
ShopMyShelf,The Beauty Doctrine,(no name),FAVORITE LIGHT THERAPY DEVICES,0.0,0.0
ShopMyShelf,The Beauty Doctrine,(no name),Quick Link,0.0,0.0
ShopMyShelf,The Beauty Doctrine,(no name),WELLNESS CORNER,0.0,0.0
ShopMyShelf,The Hag Shop - Berlant ,(no name),038 Product Corner - You're Pixelated as Usual,0.0,0.0
ShopMyShelf,Sarah Louise Rector,(no name),Upgrading your Wellness,0.0,0.0
ShopMyShelf,Sarah Leigh,(no name),Quick Link,0.0,0.0
ShopMyShelf,Sara Shapiro,(no name),Quick Link,0.0,0.0
ShopMyShelf,Phia,(no name),Auto Links,0.0,0.0
ShopMyShelf,NateStrohmeyer,(no name),Quick Link,0.0,0.0
ShopMyShelf,Natural Nadine,(no name),Body care,0.0,0.0
ShopMyShelf,Natural Nadine,(no name),Post on July 2nd,0.0,0.0
ShopMyShelf,Nicholas Kaufman,(no name),Body Products ,0.0,0.0
ShopMyShelf,Nicole Berrie,(no name),Self Care ,0.0,0.0
ShopMyShelf,Paige Paxton Pugh,(no name),Health,0.0,0.0
ShopMyShelf,Paige Paxton Pugh,(no name),Quick Link,0.0,0.0
ShopMyShelf,Penny Smith,(no name),Discount Codes,0.0,0.0
ShopMyShelf,Penny Smith,(no name),Quick Link,0.0,381.65
ShopMyShelf,Rachael Shepard-Ohta | Hey Sleepy Baby,(no name),Quick Link,0.0,0.0
ShopMyShelf,Samantha Riehl,(no name),Current Favs,0.0,0.0
ShopMyShelf,Rebecca Plotnick,(no name),Quick Link,0.0,0.0
ShopMyShelf,Rebecca Plotnick,(no name),Week 23 Best Sellers,0.0,0.0
ShopMyShelf,Referral: shopmy.us,Referral: shopmy.us,Referral: shopmy.us,0.0,0.0
ShopMyShelf,Riane Schneider,(no name),"
All things Skin  Beauty ",0.0,0.0
ShopMyShelf,Riley Fox,(no name),skincare ,0.0,0.0
ShopMyShelf,Romi Deift,(no name),Hair,0.0,0.0
ShopMyShelf,STEPHANIE MARIE ,(no name),Quick Link,0.0,0.0
ShopMyShelf,Sam Moooves,(no name),Quick Link,0.0,0.0
ShopMyShelf,Samantha Gonzalez,(no name),FAV SKINCARE DEVICES ,0.0,0.0
ShopMyShelf,The Hag Shop - Berlant ,(no name),038 You're Pixelated as Usual,0.0,0.0
ShopMyShelf,The Honest Channel - Clare Johnston,(no name),Anti-aging tools and devices I rate highly,0.0,0.0
ShopMyShelf,The Honest Channel - Clare Johnston,(no name),Hair growth and condition boosters!,0.0,0.0
TikTok,signal_higherdose_tiktok_test,1731098209766401,(no name),0.0,0.0
TikTok,SB | SPC - Spark Ads | Testing | COL | 042825,"Adset ID: 1835210034653218, Campaign ID: 1830694137438258","Ad ID: 1835210039241777, Adset ID: 1835210034653218, Campaign ID: 1830694137438258",0.0,0.0
TikTok,SB | SPC - Spark Ads | Testing | COL | 042825,"Adset ID: 1835280318150706, Campaign ID: 1830694137438258","Ad ID: 1835280328925249, Adset ID: 1835280318150706, Campaign ID: 1830694137438258",0.0,0.0
TikTok,SB | SPC - Spark Ads | Testing | COL | 042825,"Adset ID: 1835280318150706, Campaign ID: 1830694137438258","Ad ID: 1835280331722978, Adset ID: 1835280318150706, Campaign ID: 1830694137438258",0.0,0.0
TikTok,SB | SPC - Spark Ads | Testing | COL | 042825,"Adset ID: 1835332246884369, Campaign ID: 1830694137438258","Ad ID: 1835332267967665, Adset ID: 1835332246884369, Campaign ID: 1830694137438258",0.0,0.0
TikTok,SB | SPC - Spark Ads | Testing | COL | 042825,"Adset ID: 1835423388416065, Campaign ID: 1830694137438258","Ad ID: 1835423397601666, Adset ID: 1835423388416065, Campaign ID: 1830694137438258",0.0,0.0
TikTok,SB | SPC - Spark Ads | Testing | COL | 042825,"Adset ID: 1835696380999745, Campaign ID: 1830694137438258","Ad ID: 1835696381920385, Adset ID: 1835696380999745, Campaign ID: 1830694137438258",0.0,0.0
TikTok,US | Traffic | 020525 | AW | Link Clicks,US | Traffic | 020525 | AW | Link Clicks | Interests | 18+,"Ad ID: 1825772643116033?utm_source=tiktok, Adset ID: 1823256989777953, Campaign ID: 1823256989777937",0.0,0.0
TikTok,US | Traffic | 020525 | AW | Link Clicks,US | Traffic | 020525 | AW | Link Clicks | Interests | 18+,"Ad ID: 1827585431796849?utm_source, Adset ID: 1823256989777953, Campaign ID: 1823256989777937",0.0,0.0
TikTok,hd.internal_prospecting_2023.03.15,1761353508060177,(no name),0.0,0.0
TikTok,tiktok,(no name),(no name),0.0,0.0
TikTok,SB | MDW | search | bid caps | GIFS | COL | 052125,SB | 036 MDW | Videos | Search | COL | 052225,HD_Video_HD67_MDW2025Sale_Storewide_BOU_v1_MultiSku_Low_LifestyleBRoll_Logo_Sale_9x16_search_HP_052225,0.0,0.0
Transactional,Referral: id.me,Referral: id.me,Referral: id.me,0.0,1.7999999999999998
Transactional,Referral: shopify.com,Referral: shopify.com,Referral: shopify.com,0.0,47.794117647058826
Transactional,Referral: typeform.com,Referral: typeform.com,Referral: typeform.com,0.0,0.0
Transactional,UTM [shop_app / (not set)],(no name),(no name),0.0,0.0
Twitter,Referral: t.co,Referral: t.co,Referral: t.co,0.0,0.0
Unattributed,Unattributed,(no name),(no name),0.0,0.0
Unattributed,Unattributed: first_time,(no name),(no name),0.0,12633.43
Unattributed,Unattributed: returning,(no name),(no name),0.0,1327.75
Yotpo,map,(no name),(no name),0.0,24.525
TikTok,SB | SPC - Spark Ads | Testing | COL | 042825,"Adset ID: 1835210034653218, Campaign ID: 1830694137438258","Ad ID: 1835210039235857, Adset ID: 1835210034653218, Campaign ID: 1830694137438258",0.0,0.0
TikTok,SB | MDW | full funnel | COL | GIFS/videos | 052125,SB | 036 MDW | retention/retargeting | COL | GIFS | 052125,SB_HD_036_GIF_MDW Main Period_v8_NA_Low_Nature_Red_%OFF_BrandAesthetic_COL_retention/retargeting_052125,0.0,0.0
ShopMyShelf,The Honest Channel - Clare Johnston,(no name),Heat shock therapy,0.0,0.0
ShopMyShelf,WellUp Collective,(no name),Wellness,0.0,0.0
ShopMyShelf,The Honest Channel - Clare Johnston,(no name),My discount codes,0.0,0.0
ShopMyShelf,The Honest Channel - Clare Johnston,(no name),Supplements and tools we use plus discount codes,0.0,0.0
ShopMyShelf,The List,(no name),Current Obsessions,0.0,0.0
ShopMyShelf,The List,(no name),Supermodel Prep,0.0,0.0
ShopMyShelf,Things I Bought and Liked,(no name),Mother's Day Gift Guide,0.0,0.0
ShopMyShelf,Trina Albus,(no name),Quick Link,0.0,0.0
ShopMyShelf,UTM [ShopMy / (not set)],(no name),(no name),0.0,0.0
ShopMyShelf,Vanessa (she/her),(no name),High Quality LED Devices ,0.0,0.0
ShopMyShelf,Vanessa (she/her),(no name),Quick Link,0.0,0.0
ShopMyShelf,Yasmany Del Real,(no name),M√ÅSCARAS LED,0.0,0.0
TikTok,SB | Fathers day sale | search | bid caps | videos/GIFS | COL | 060625,SB | 055/056 MDW | Videos/gifs | Search | COL | 060625,SB_HD_056_GIF_Father'sDayFlashSale_v2_MultiSku_Low_GraphicDesignBlueBanner_%OFF_Sale_9x16_search_COL_BoF_060625,0.0,0.0
ShopMyShelf,Yasmany Del Real,(no name),Quick Link,0.0,0.0
ShopMyShelf,sunnystyle,(no name),Quick Link,0.0,0.0
ShopMyShelf,taylor,(no name),skincare,0.0,0.0
TikTok,Campaign ID: US | Prospecting | 110824 | CVN | Purchases | Complete Payment | Search,"Adset ID: CID_NAME__, Campaign ID: US | Prospecting | 110824 | CVN | Purchases | Complete Payment | Search","Ad ID: 1818882780395554, Adset ID: CID_NAME__, Campaign ID: US | Prospecting | 110824 | CVN | Purchases | Complete Payment | Search",0.0,0.0
TikTok,SB | ABO | conversions | low aov funnel | 062025,SB | conversions | low aov funnel | PDP | 062025,2025-06-20 17:29:04,0.0,0.0
TikTok,SB | Fathers day sale | retention/retargeting | COL | GIFS/videos | 060625,SB | 055/056 fathers day sale | retention/retargeting | COL | videos/GIFS | 060625,SB_HD_055_GIF_Father'sDayFlashSale_v2_MultiSku_Low_BlackBG+Text_%OFF_Sale_9x16_retention/retargeting_COL_BoF_060625,0.0,0.0
TikTok,SB | Fathers day sale | retention/retargeting | COL | GIFS/videos | 060625,SB | 055/056 fathers day sale | retention/retargeting | COL | videos/GIFS | 060625,SB_HD_056_GIF_Father'sDayFlashSale_v1_MultiSku_Low_GraphicDesignBlueBanner_%OFF_Sale_9x16_retention/retargeting_COL_BoF_060625,0.0,0.0
TikTok,SB | Fathers day sale | retention/retargeting | COL | GIFS/videos | 060625,SB | 055/056 fathers day sale | retention/retargeting | COL | videos/GIFS | 060625,SB_HD_056_GIF_Father'sDayFlashSale_v2_MultiSku_Low_GraphicDesignBlueBanner_%OFF_Sale_9x16_retention/retargeting_COL_BoF_060625,0.0,0.0
TikTok,SB | Fathers day sale | retention/retargeting | COL | GIFS/videos | 060625,SB | 055/056 fathers day sale | retention/retargeting | COL | videos/GIFS | 060625,SB_HD_056_GIF_Father'sDayFlashSale_v3_MultiSku_Low_GraphicDesignBlueBanner_%OFF_Sale_9x16_retention/retargeting_COL_BoF_060625,0.0,0.0
ShopMyShelf,Natazia zu Stolberg,(no name),Home,0.0,0.0
ShopMyShelf,Natalie Hashka,(no name),BODY ,0.0,0.0
ShopMyShelf,Natalie Fernandez - Rowe,(no name),Quick Link,0.0,0.0
ShopMyShelf,Julia Berolzheimer,(no name),My Favorite Wellness Products,0.0,0.0
ShopMyShelf,Jessica Clarke Higgins,(no name),"Devices/Tools
",0.0,0.0
ShopMyShelf,Jessica Sturdy,(no name),Quick Link,0.0,0.0
ShopMyShelf,Jessie,(no name),wellness,0.0,0.0
Other,Referral: live.com,Referral: live.com,Referral: live.com,0.0,0.0
ShopMyShelf,Jill Atogwe,(no name),June Favorites,0.0,0.0
ShopMyShelf,Jillian Lentz,(no name),Quick Link,0.0,0.0
ShopMyShelf,Johanna Riehm,(no name),HIGHER DOSE,0.0,0.0
ShopMyShelf,Julia Amory,(no name),Skincare,0.0,0.0
ShopMyShelf,Julia Berolzheimer,(no name),April Most Loved,0.0,0.0
ShopMyShelf,Julia Berolzheimer,(no name),Quick Link,0.0,0.0
ShopMyShelf,Jen,(no name),Quick Link,0.0,0.0
ShopMyShelf,Julia Berolzheimer,(no name),Sentimental Mother's Day Gifts,0.0,0.0
ShopMyShelf,Julia Dzafic,(no name),Quick Link,0.0,0.0
ShopMyShelf,Julie Civiello Polier,(no name),Skin Tools,0.0,0.0
ShopMyShelf,Julie Friedman,(no name),Gifts for Her,0.0,0.0
ShopMyShelf,Justin Anderson,(no name),Quick Link,0.0,742.05
ShopMyShelf,Justin Anderson,(no name),self care,0.0,0.0
ShopMyShelf,Katarina Forster ,(no name),Quick Link,0.0,0.0
ShopMyShelf,Katherine Garbarino,(no name),June Faves,0.0,0.0
ShopMyShelf,Katherine Garbarino,(no name),Quick Link,0.0,0.0
ShopMyShelf,Jennifer Gizzi,(no name),Quick Link,0.0,0.0
ShopMyShelf,Jasyra Santiago-Hines,(no name),Quick Link,0.0,0.0
ShopMyShelf,Katie Sobelman,(no name),Ziip Beauty Invest In Yourself,0.0,0.0
ShopMyShelf,Grace Freyre,(no name),Glowy Skin Routine ,0.0,0.0
ShopMyShelf,Elizabeth Kott,(no name),Quick Link,0.0,0.0
ShopMyShelf,Ellory Brunner,(no name),Quick Link,0.0,0.0
ShopMyShelf,Emily Rule,(no name),Gifts for the Wellness Girl,0.0,0.0
ShopMyShelf,Emily Rule,(no name),Wellness Tools,0.0,0.0
ShopMyShelf,Emily Waksal,(no name),Quick Link,0.0,0.0
ShopMyShelf,Emma Goodman,(no name),healthy aging.,0.0,0.0
ShopMyShelf,Emma Goodman,(no name),lymph drainage. ,0.0,0.0
ShopMyShelf,Erika Fox,(no name),Higher Dose,0.0,0.0
ShopMyShelf,Grace Atwood,(no name),Quick Link,0.0,187.85
ShopMyShelf,Grayce Muffler,(no name),Detox / Drainage Support,0.0,0.0
ShopMyShelf,Jamie McGuire,(no name),"Sleep, Relax ",0.0,0.0
ShopMyShelf,Haley Baker,(no name),Quick Link,0.0,0.0
ShopMyShelf,Hannah Shelly,(no name),Quick Link,0.0,0.0
ShopMyShelf,Heidi Hudson,(no name),Quick Link,0.0,0.0
ShopMyShelf,Holly Hollingsworth Phillips,(no name),"Beauty
",0.0,0.0
ShopMyShelf,Hope Smith,(no name),"Beauty Tools
",0.0,0.0
ShopMyShelf,Illie Balaj,(no name),Best of Wellness 2024,0.0,0.0
ShopMyShelf,Ivelisse V√°squez,(no name),Quick Link,0.0,0.0
ShopMyShelf,Ivy Boyd,(no name),Quick Link,0.0,0.0
ShopMyShelf,Jamie McGuire,(no name),Skin Tools,0.0,0.0
ShopMyShelf,Katie Martin,(no name),Non SEINT/RIMAN Beauty Hall of Fame,0.0,0.0
ShopMyShelf,Katie Stone,(no name),Dr. Natazia Stolberg,0.0,0.0
ShopMyShelf,Nam Vo,(no name),favorite LED tools ,0.0,0.0
ShopMyShelf,Melinda Farina,(no name),TOOLS,0.0,0.0
ShopMyShelf,Liz Adams,(no name),Father's Day Gift Guide,0.0,0.0
ShopMyShelf,Liz Adams,(no name),Mother's Day Edit,0.0,0.0
ShopMyShelf,Liz Teich,(no name),Quick Link,0.0,0.0
ShopMyShelf,Love Muwwakkil,(no name),Wellness ,0.0,0.0
ShopMyShelf,Maddi Claire Hinson,(no name),Habits I'm Dying To Try,0.0,0.0
ShopMyShelf,Mary Ralph Lawson Bradley,(no name),Quick Link,0.0,0.0
ShopMyShelf,Mary Ralph Lawson Bradley,(no name),fav BF deals rn! ,0.0,0.0
ShopMyShelf,Megan Birkel,(no name),No/Low ,0.0,0.0
ShopMyShelf,Megan Trott,(no name),Wellness Tools,0.0,0.0
ShopMyShelf,Melissa Wood-Tepperberg,(no name),Beauty Tools,0.0,0.0
ShopMyShelf,"Lindsey Zubritsky, MD, FAAD",(no name),Quick Link,0.0,0.0
ShopMyShelf,Melissa Wood-Tepperberg,(no name),Higher Dose,0.0,1776.9
ShopMyShelf,Melissa Wood-Tepperberg,(no name),Last Minute Mothers Day Gifts,0.0,0.0
ShopMyShelf,Mia Pineda ,(no name),"Health
",0.0,0.0
ShopMyShelf,Mia Rigden,(no name),Wellness ,0.0,0.0
ShopMyShelf,Michelle Gauvreau,(no name),Quick Link,0.0,0.0
ShopMyShelf,Mila,(no name),de-puffing   lymphatic tools,0.0,0.0
ShopMyShelf,Mila,(no name),hormone balancing gift guide,0.0,0.0
ShopMyShelf,Minna Lee Jamison,(no name),July on Stories,0.0,0.0
ShopMyShelf,Mitchell Saron,(no name),Skincare,0.0,0.0
ShopMyShelf,Lisa J,(no name),TOOLS,0.0,0.0
ShopMyShelf,"Lindsey Zubritsky, MD, FAAD",(no name),Post on September 26th,0.0,0.0
ShopMyShelf,Katie Sturino,(no name),GIFT GUIDE: Splurge Worthy,0.0,0.0
ShopMyShelf,Laurel Larson ,(no name),Quick Link,0.0,0.0
ShopMyShelf,Katie Sturino,(no name),Quick Link,0.0,0.0
ShopMyShelf,Katie Webber,(no name),Home,0.0,0.0
ShopMyShelf,Kelly LeVeque,(no name),Quick Link,0.0,0.0
ShopMyShelf,Kimmie Prokurat,(no name),Beauty Tech,0.0,0.0
ShopMyShelf,Kimmie Prokurat,(no name),Health Tech,0.0,0.0
ShopMyShelf,Kristin Leite,(no name),All around fav devices ,0.0,0.0
ShopMyShelf,Kristin Leite,(no name),Alternatively Botox ,0.0,296.65
ShopMyShelf,Kristin Leite,(no name),Quick Link,0.0,0.0
ShopMyShelf,Lalie Williams,(no name),skincare   self care ,0.0,0.0
ShopMyShelf,Lauren ,(no name),Evening Routine,0.0,0.0
ShopMyShelf,"Lindsey Zubritsky, MD, FAAD",(no name),Post on March 24th,0.0,26.968181818181815
ShopMyShelf,Lauren ,(no name),Morning Routine,0.0,0.0
ShopMyShelf,Lauren ,(no name),Quick Link,0.0,0.0
ShopMyShelf,Lauren Elizabeth,(no name),Quick Link,0.0,0.0
ShopMyShelf,Lauren Fox,(no name),Orange you glad it‚Äôs summer?,0.0,0.0
ShopMyShelf,Lea Weisz,(no name),Sleep Sanctuary Upgrade and Detox,0.0,0.0
ShopMyShelf,Leah Vidrine,(no name),HigherDose,0.0,0.0
ShopMyShelf,Leva Bonaparte,(no name),Wellness,0.0,0.0
ShopMyShelf,Leya,(no name),Quick Link,0.0,0.0
ShopMyShelf,Leyen Tran,(no name),Tools and Devices,0.0,0.0
Other,Referral: lizearlewellbeing.com,Referral: lizearlewellbeing.com,Referral: lizearlewellbeing.com,0.0,0.0
Other,Referral: edgeintegrativewellness.com,Referral: edgeintegrativewellness.com,Referral: edgeintegrativewellness.com,0.0,0.0
Other,Referral: linkclicky.com,Referral: linkclicky.com,Referral: linkclicky.com,0.0,0.0
Awin,UTM [awin / 308753],(no name),(no name),0.0,0.0
Awin,UTM [awin / 213861],(no name),(no name),0.0,0.0
Awin,UTM [awin / 214459],(no name),(no name),0.0,389.0
Awin,UTM [awin / 216551],(no name),(no name),0.0,0.0
Awin,UTM [awin / 225597],(no name),(no name),0.0,0.0
Awin,UTM [awin / 264419],(no name),(no name),0.0,0.0
Awin,UTM [awin / 271445],(no name),(no name),0.0,0.0
Awin,UTM [awin / 272513],(no name),(no name),0.0,0.0
Awin,UTM [awin / 299513],(no name),(no name),0.0,0.0
Awin,UTM [awin / 301377],(no name),(no name),0.0,2156.0666666666666
Awin,UTM [awin / 301841],(no name),(no name),0.0,908.1
Awin,UTM [awin / 318631],(no name),(no name),0.0,0.0
Awin,UTM [awin / 726349],(no name),(no name),0.0,0.0
Awin,UTM [awin / 328967],(no name),(no name),0.0,0.0
Awin,UTM [awin / 331035],(no name),(no name),0.0,0.0
Awin,UTM [awin / 407399],(no name),(no name),0.0,0.0
Awin,UTM [awin / 440435],(no name),(no name),0.0,0.0
Awin,UTM [awin / 467079],(no name),(no name),0.0,0.0
Awin,UTM [awin / 502445],(no name),(no name),0.0,0.0
Awin,UTM [awin / 505169],(no name),(no name),0.0,0.0
Awin,UTM [awin / 605669],(no name),(no name),0.0,0.0
Awin,UTM [awin / 643231],(no name),(no name),0.0,0.0
Awin,UTM [awin / 696205],(no name),(no name),0.0,0.0
Awin,UTM [awin / 2108615],(no name),(no name),0.0,0.0
Awin,UTM [awin / 2080033],(no name),(no name),0.0,0.0
Awin,UTM [awin / 2062463],(no name),(no name),0.0,0.0
Awin,UTM [awin / 2059583],(no name),(no name),0.0,0.0
Awin,UTM [awin / 1845154],(no name),(no name),0.0,0.0
Awin,UTM [awin / 1850278],(no name),(no name),0.0,0.0
Awin,UTM [awin / 1862148],(no name),(no name),0.0,0.0
Awin,UTM [awin / 1862912],(no name),(no name),0.0,0.0
Awin,UTM [awin / 1871866],(no name),(no name),0.0,0.0
Awin,UTM [awin / 1874588],(no name),(no name),0.0,0.0
Awin,UTM [awin / 1896428],(no name),(no name),0.0,0.0
Awin,UTM [awin / 1907232],(no name),(no name),0.0,0.0
Awin,UTM [awin / 1913466],(no name),(no name),0.0,1612.75
Awin,UTM [awin / 1913988],(no name),(no name),0.0,0.0
Awin,UTM [awin / 1916031],(no name),(no name),0.0,0.0
Awin,UTM [awin / 1921105],(no name),(no name),0.0,0.0
Awin,UTM [awin / 1929643],(no name),(no name),0.0,0.0
Awin,UTM [awin / 1942097],(no name),(no name),0.0,0.0
Awin,UTM [awin / 1966915],(no name),(no name),0.0,0.0
Awin,UTM [awin / 1987275],(no name),(no name),0.0,0.0
Awin,UTM [awin / 1987287],(no name),(no name),0.0,0.0
Awin,UTM [awin / 2018695],(no name),(no name),0.0,0.0
Awin,UTM [awin / 2019155],(no name),(no name),0.0,0.0
Awin,UTM [awin / 2021561],(no name),(no name),0.0,0.0
Awin,UTM [awin / 2022015],(no name),(no name),0.0,0.0
Awin,UTM [awin / 723473],(no name),(no name),0.0,1099.2
Awin,UTM [awin / 78888],(no name),(no name),0.0,2037.2999999999995
Google Ads,21710066051,(no name),(no name),0.0,0.0
Google Ads,10274166939,(no name),100772080285,0.0,0.0
Facebook Ads,US | ASC DYN | 010125 | CVN | Purchases | Volume | DABA,US | ASC DYN | 010125 | CVN | Purchases | Volume | DABA,DPA_WellnessTech_$700+,0.0,0.0
Facebook Ads,US | ASC DYN | 010125 | CVN | Purchases | Volume | DABA,US | ASC DYN | 010125 | CVN | Purchases | Volume | DABA,MULT | DYN |  | MULTI PRODUCT | 0101 | AOV $700+ | DPA,0.0,0.0
Facebook Ads,US | ASC DYN | 031225 | CVN | Purchases | Volume | DABA  Campaign,6637864356963,MULT | DYN |  | MULTI PRODUCT |  | 0114 | AOV $250  | DPA,0.0,0.0
Facebook Ads,US | ASC DYN | 031225 | CVN | Purchases | Volume | DABA  Campaign,6637864356963,MULT | DYN |  | MULTI PRODUCT |  | 0114 | AOV $250  | DPA,0.0,0.0
Facebook Ads,US | ASC DYN | 070325 | CVN | Purchases | Value DABA Campaign,US | ASC DYN | 030525 | CVN | Existing Customer | Purchases | Value DABA Ad set,"Ad ID: 6766024565563, Adset ID: 6766023822163, Campaign ID: 6766023820163",0.0,0.0
Facebook Ads,US | ASC DYN | 070325 | CVN | Purchases | Value DABA Campaign,US | ASC DYN | 070325 | New Customer | CVN | Purchases | Value DABA Ad set,DPA_WellnessTech_$700+,0.0,0.0
Facebook Ads,UTM [facebook / (not set)],(no name),Facebook_UA,0.0,0.0
Facebook Ads,UTM [facebook / paid],(no name),(no name),0.0,0.0
Facebook Organic,Facebook Organic (fbclid),(no name),(no name),0.0,59.849999999999994
Facebook Organic,Referral: facebook.com,Referral: facebook.com,Referral: facebook.com,0.0,0.0
Google Ads,10274166939,higher dose,634407957035,0.0,0.0
Awin,UTM [awin / 789945],(no name),(no name),0.0,0.0
Google Ads,10274166939,higher dose nyc,634407957035,0.0,0.0
Google Ads,10280140491,(no name),142048786014,0.0,0.0
Google Ads,18069875938,(no name),(no name),0.0,0.0
Google Ads,18892036948,(no name),678297404332,0.0,0.0
Google Ads,18892036951,(no name),142048784534,0.0,0.0
Google Ads,18892036951,(no name),142048784614,0.0,0.0
Google Ads,18892036951,(no name),142048784774,0.0,0.0
Google Ads,18892036951,(no name),142048784814,0.0,0.0
Google Ads,18892036951,(no name),162845322699,0.0,0.0
Google Ads,19718081468,(no name),(no name),0.0,0.0
Facebook Ads,SB | MDW Traffic | 052225,SB | MDW Traffic | Set LP Views | 052225,HD_Video_HD67_MDW2025Sale_Storewide_BOU_v1_MultiSku_Low_LifestyleBRoll_Logo_Sale_052325,0.0,0.0
Facebook Ads,SB | MDW Sale | 52125,INT: Engaged Shoppers | HD038 - Sale Statics | Purchase Excl. | 52125,SB_HD_036_GIF_MDW Main Period_v8_NA_Low_Nature_Red_%OFF_BrandAesthetic_COL_ToF ‚Äì Copy,0.0,0.0
Facebook Ads,Prospecting - July 2020,(no name),Evergreen - - Copy 3,0.0,0.0
Facebook Ads,Paid-Social_Meta_US_BOF_Conversion_Remarketing-Worldwide_PROMO-BFCM,6577652178163,Static_GWP_PROMO-BFCM_HD_20%OFFSITEWIDE - Copy 2,0.0,0.0
Awin,UTM [awin / 796279],(no name),(no name),0.0,0.0
Awin,UTM [awin / 807785],(no name),(no name),0.0,0.0
Awin,UTM [awin / 809003],(no name),(no name),0.0,0.0
Awin,UTM [awin / 809309],(no name),(no name),0.0,0.0
Awin,UTM [awin / 811973],(no name),(no name),0.0,0.0
Awin,UTM [awin / 81392],(no name),(no name),0.0,0.0
Awin,UTM [awin / 822461],(no name),(no name),0.0,0.0
Awin,UTM [awin / 949841],(no name),(no name),0.0,0.0
Awin,UTM [awin / 965257],(no name),(no name),0.0,0.0
Awin,UTM [awin / 983413],(no name),(no name),0.0,0.0
Awin,UTM [awin&utm_medium / (not set)],(no name),(no name),0.0,0.0
Awin,newsletter_20241123,(no name),(no name),0.0,0.0
Discount Site,coupons_AfterReview,(no name),(no name),0.0,0.0
Discount Site,coupons_reminder_AfterReview,(no name),(no name),0.0,0.0
Excluded,Excluded: AGENT,(no name),(no name),0.0,925.07
Excluded,Excluded: northbeam:shopify:source_name:3890849,(no name),(no name),0.0,4034.6
Facebook Ads,6589747697963,6589747698163,6760428011963,0.0,0.0
Facebook Ads,6589747697963,6589747698163,6760441757363,0.0,0.0
Facebook Ads,6589747697963,6589747698163,6760441757363,0.0,1035.7666666666669
Facebook Ads,Paid-Social_Meta_US_ASC-DPA_Mixed_Website Shop(EVG PROMO) Campaign,6579046253563,DPA_WellnessTech_$700 ,0.0,0.0
Facebook Ads,Paid-Social_Meta_US_BOF-Conversion_Retargeting_Video Site,6576580532563,Static_Bundles_PROMO-BFCM_HD_HolidayStatics_V2 - Copy,0.0,0.0
Awin,UTM [awin / 1844672],(no name),(no name),0.0,0.0
Awin,UTM [awin / 1843922],(no name),(no name),0.0,0.0
Awin,UTM [awin / 1843320],(no name),(no name),0.0,0.0
Awin,UTM [awin / 155506],(no name),(no name),0.0,0.0
Awin,UTM [awin / 1266193],(no name),(no name),0.0,0.0
Awin,UTM [awin / 1305685],(no name),(no name),0.0,0.0
Awin,UTM [awin / 136348],(no name),(no name),0.0,0.0
Awin,UTM [awin / 1366741],(no name),(no name),0.0,0.0
Awin,UTM [awin / 137521],(no name),(no name),0.0,0.0
Awin,UTM [awin / 137879],(no name),(no name),0.0,0.0
Awin,UTM [awin / 1400871],(no name),(no name),0.0,2123.6833333333334
Awin,UTM [awin / 1470094],(no name),(no name),0.0,0.0
Awin,UTM [awin / 1504294],(no name),(no name),0.0,0.0
Awin,UTM [awin / 1537097],(no name),(no name),0.0,0.0
Awin,UTM [awin / 156708],(no name),(no name),0.0,1056.65
Awin,UTM [awin / 1832470],(no name),(no name),0.0,1506.4416666666666
Awin,UTM [awin / 1599296],(no name),(no name),0.0,0.0
Awin,UTM [awin / 1634309],(no name),(no name),0.0,0.0
Awin,UTM [awin / 1655833],(no name),(no name),0.0,0.0
Awin,UTM [awin / 1682699],(no name),(no name),0.0,0.0
Awin,UTM [awin / 1682723],(no name),(no name),0.0,0.0
Awin,UTM [awin / 1682753],(no name),(no name),0.0,0.0
Awin,UTM [awin / 1682827],(no name),(no name),0.0,0.0
Awin,UTM [awin / 1684315],(no name),(no name),0.0,1914.2000000000005
Awin,UTM [awin / 1684387],(no name),(no name),0.0,0.0
Awin,UTM [awin / 1684595],(no name),(no name),0.0,0.0
Awin,UTM [awin / 1263017],(no name),(no name),0.0,0.0
Awin,UTM [awin / 1249057],(no name),(no name),0.0,4401.099999999999
Awin,UTM [awin / 1243299],(no name),(no name),0.0,0.0
Awin,UTM [awin / 1241945],(no name),(no name),0.0,0.0
Attentive,5/26: MDW Sale Last Chance Re-Send,(no name),(no name),0.0,0.0
Attentive,A,(no name),(no name),0.0,0.0
Attentive,Cyber-Monday-Extended-2023,(no name),(no name),0.0,0.0
Attentive,MDW-2024-Extended,(no name),(no name),0.0,0.0
Attentive,MDW2024-Saturday,(no name),(no name),0.0,0.0
Attentive,Welcome Message,(no name),(no name),0.0,0.0
Attentive,[SB] 6/20: Impact of Travel,(no name),(no name),0.0,0.0
Attentive,[SB] 6/27: Summer Detox Protocol,(no name),(no name),0.0,898.0
Attentive,[SB] 6/9: Father's Day Flash Sale #2,(no name),(no name),0.0,0.0
Attentive,browse-abandon-message---1-hour,(no name),(no name),0.0,0.0
Awin,6679226233163,6685144750763,6685144750563,0.0,0.0
Awin,6769976305363,6769976305163,6769989389163,0.0,0.0
Awin,HigherDOSE March 2025 (UK Mother's Day),(no name),British Vogue [Listicle   Newsletter],0.0,0.0
Awin,Referral: awin.com,Referral: awin.com,Referral: awin.com,0.0,0.0
Awin,UTM [awin / (not set)],(no name),(no name),0.0,0.0
Awin,UTM [awin / 1004849],(no name),(no name),0.0,0.0
Awin,UTM [awin / 1006553],(no name),(no name),0.0,0.0
Awin,UTM [awin / 103504],(no name),(no name),0.0,0.0
Awin,UTM [awin / 1097075],(no name),(no name),0.0,0.0
Awin,UTM [awin / 1145323],(no name),(no name),0.0,678.3
Awin,UTM [awin / 1201796],(no name),(no name),0.0,0.0
Awin,UTM [awin / 1685453],(no name),(no name),0.0,151.35
Awin,UTM [awin / 1686315],(no name),(no name),0.0,339.15000000000003
Awin,UTM [awin / 1689603],(no name),(no name),0.0,0.0
Awin,UTM [awin / 1737325],(no name),(no name),0.0,0.0
Awin,UTM [awin / 1751907],(no name),(no name),0.0,0.0
Awin,UTM [awin / 1751929],(no name),(no name),0.0,0.0
Awin,UTM [awin / 1751937],(no name),(no name),0.0,0.0
Awin,UTM [awin / 1751959],(no name),(no name),0.0,0.0
Awin,UTM [awin / 1752137],(no name),(no name),0.0,0.0
Awin,UTM [awin / 1752247],(no name),(no name),0.0,0.0
Awin,UTM [awin / 1752891],(no name),(no name),0.0,0.0
Awin,UTM [awin / 1753077],(no name),(no name),0.0,0.0
Awin,UTM [awin / 1753463],(no name),(no name),0.0,0.0
Awin,UTM [awin / 1755369],(no name),(no name),0.0,0.0
Awin,UTM [awin / 1757341],(no name),(no name),0.0,0.0
Awin,UTM [awin / 1762301],(no name),(no name),0.0,0.0
Awin,UTM [awin / 1764625],(no name),(no name),0.0,1319.0
Awin,UTM [awin / 1767086],(no name),(no name),0.0,0.0
Awin,UTM [awin / 1769180],(no name),(no name),0.0,0.0
Awin,UTM [awin / 177945],(no name),(no name),0.0,0.0
Awin,UTM [awin / 1783336],(no name),(no name),0.0,208.05
Awin,UTM [awin / 1785436],(no name),(no name),0.0,0.0
Awin,UTM [awin / 1794812],(no name),(no name),0.0,937.0
Awin,UTM [awin / 181013],(no name),(no name),0.0,700.43
Awin,UTM [awin / 1816678],(no name),(no name),0.0,0.0
Awin,UTM [awin / 1741513],(no name),(no name),0.0,0.0
Awin,UTM [awin / 1733931],(no name),(no name),0.0,0.0
Awin,UTM [awin / 1690213],(no name),(no name),0.0,0.0
Awin,UTM [awin / 1724809],(no name),(no name),0.0,0.0
Awin,UTM [awin / 1690799],(no name),(no name),0.0,0.0
Awin,UTM [awin / 1694389],(no name),(no name),0.0,0.0
Awin,UTM [awin / 1694637],(no name),(no name),0.0,0.0
Awin,UTM [awin / 1694801],(no name),(no name),0.0,1035.65
Awin,UTM [awin / 1696583],(no name),(no name),0.0,159.0
Awin,UTM [awin / 1697431],(no name),(no name),0.0,0.0
Awin,UTM [awin / 1705447],(no name),(no name),0.0,0.0
Awin,UTM [awin / 1705541],(no name),(no name),0.0,0.0
Awin,UTM [awin / 1705967],(no name),(no name),0.0,0.0
Awin,UTM [awin / 1706785],(no name),(no name),0.0,0.0
Awin,UTM [awin / 1706977],(no name),(no name),0.0,0.0
Awin,UTM [awin / 1707569],(no name),(no name),0.0,0.0
Awin,UTM [awin / 1707655],(no name),(no name),0.0,0.0
Awin,UTM [awin / 1708621],(no name),(no name),0.0,0.0
Awin,UTM [awin / 1709929],(no name),(no name),0.0,188.1
Awin,UTM [awin / 1709979],(no name),(no name),0.0,0.0
Awin,UTM [awin / 1711217],(no name),(no name),0.0,0.0
Awin,UTM [awin / 1712319],(no name),(no name),0.0,0.0
Awin,UTM [awin / 1714453],(no name),(no name),0.0,0.0
Awin,UTM [awin / 1719133],(no name),(no name),0.0,0.0
Awin,UTM [awin / 1723985],(no name),(no name),0.0,0.0
Google Ads,20723736939,(no name),(no name),0.0,0.0
Google Ads,Campaign ID: 20733656836,"Adset ID: 166008428103, Campaign ID: 20733656836","Ad ID: 713217677653, Adset ID: 166008428103, Campaign ID: 20733656836",0.0,0.0
Other,Referral: lindseyburwellwellness.com,Referral: lindseyburwellwellness.com,Referral: lindseyburwellwellness.com,0.0,0.0
Other,Referral: alignpodcast.com,Referral: alignpodcast.com,Referral: alignpodcast.com,0.0,0.0
Other,6685049463163,6751706603563,6751706603163,0.0,0.0
Other,6769860057563,6769860064163,6769863204963,0.0,0.0
Other,6769864721163,6769864721763,6769865279363,0.0,0.0
Other,6769978048363,6769978048163,6770010100363,0.0,0.0
Other,6769978048363,6769978048163,6770010100963,0.0,0.0
Other,HigherDOSE Holiday 2024,(no name),Harper's BAZAAR (Content   NL) ,0.0,0.0
Other,HigherDOSE March 2025,(no name),Daily Mail,0.0,0.0
Other,HigherDOSE March 2025,(no name),Veranda (Content   NL) ,0.0,0.0
Other,HigherDOSE March 2025 (UK Mother's Day),(no name),British Vogue [Listicle   Newsletter],0.0,0.0
Other,Jeanette,(no name),(no name),0.0,0.0
Other,Referral: amazon.com,Referral: amazon.com,Referral: amazon.com,0.0,0.0
Other,Referral: canva.site,Referral: canva.site,Referral: canva.site,0.0,0.0
Other,Referral: amazonaws.com,Referral: amazonaws.com,Referral: amazonaws.com,0.0,0.0
Other,Referral: asana.com,Referral: asana.com,Referral: asana.com,0.0,0.0
Other,Referral: bark-ai.com,Referral: bark-ai.com,Referral: bark-ai.com,0.0,0.0
Other,Referral: beehiiv.com,Referral: beehiiv.com,Referral: beehiiv.com,0.0,0.0
Other,Referral: bitrix24.ru,Referral: bitrix24.ru,Referral: bitrix24.ru,0.0,0.0
Other,Referral: bladeswellness.com,Referral: bladeswellness.com,Referral: bladeswellness.com,0.0,0.0
Other,Referral: bonberi.com,Referral: bonberi.com,Referral: bonberi.com,0.0,0.0
Other,Referral: bonniechristine.com,Referral: bonniechristine.com,Referral: bonniechristine.com,0.0,0.0
Other,Referral: brave.com,Referral: brave.com,Referral: brave.com,0.0,0.0
Other,Referral: camrynbyer.com,Referral: camrynbyer.com,Referral: camrynbyer.com,0.0,0.0
Other,6678754601563,6723772919563,6748117673963,0.0,0.0
Other,6678754601563,6723772919563,6723880141763,0.0,0.0
Other,6678754601563,6723772919563,6723772920963,0.0,0.0
Other,155-how-higherdose-boosted-revenue-by-repositioning-their-products,(no name),(no name),0.0,0.0
Organic Search,Referral: google.be,Referral: google.be,Referral: google.be,0.0,0.0
Organic Search,Referral: google.ca,Referral: google.ca,Referral: google.ca,0.0,0.0
Organic Search,Referral: google.co.in,Referral: google.co.in,Referral: google.co.in,0.0,0.0
Organic Search,Referral: google.co.nz,Referral: google.co.nz,Referral: google.co.nz,0.0,0.0
Organic Search,Referral: google.co.uk,Referral: google.co.uk,Referral: google.co.uk,0.0,0.0
Organic Search,Referral: google.co.za,Referral: google.co.za,Referral: google.co.za,0.0,0.0
Organic Search,Referral: google.com,Referral: google.com,Referral: google.com,0.0,12349.675735294117
Organic Search,Referral: google.com.au,Referral: google.com.au,Referral: google.com.au,0.0,0.0
Organic Search,Referral: google.com.co,Referral: google.com.co,Referral: google.com.co,0.0,0.0
Organic Search,Referral: google.com.hk,Referral: google.com.hk,Referral: google.com.hk,0.0,0.0
Organic Search,Referral: google.com.mx,Referral: google.com.mx,Referral: google.com.mx,0.0,0.0
Organic Search,Referral: google.com.pk,Referral: google.com.pk,Referral: google.com.pk,0.0,0.0
Organic Search,Referral: google.com.sg,Referral: google.com.sg,Referral: google.com.sg,0.0,0.0
Organic Search,Referral: google.com.vn,Referral: google.com.vn,Referral: google.com.vn,0.0,0.0
Organic Search,Referral: google.de,Referral: google.de,Referral: google.de,0.0,0.0
Organic Search,Referral: google.nl,Referral: google.nl,Referral: google.nl,0.0,0.0
Organic Search,Referral: google.pt,Referral: google.pt,Referral: google.pt,0.0,0.0
Organic Search,Referral: google.ro,Referral: google.ro,Referral: google.ro,0.0,0.0
Organic Search,Referral: google.se,Referral: google.se,Referral: google.se,0.0,0.0
Organic Search,Referral: yahoo.com,Referral: yahoo.com,Referral: yahoo.com,0.0,0.0
Organic Search,Referral: yandex.ru,Referral: yandex.ru,Referral: yandex.ru,0.0,0.0
Other,Referral: canva.com,Referral: canva.com,Referral: canva.com,0.0,0.0
Other,Referral: chatgpt.com,Referral: chatgpt.com,Referral: chatgpt.com,0.0,315.2
Google Ads,Campaign ID: 22170996870,"Adset ID: 174125498157, Campaign ID: 22170996870","Ad ID: 763311861962, Adset ID: 174125498157, Campaign ID: 22170996870",0.0,0.0
Other,Referral: goop.com,Referral: goop.com,Referral: goop.com,0.0,0.0
Other,Referral: galacticfed.com,Referral: galacticfed.com,Referral: galacticfed.com,0.0,0.0
Other,Referral: gethookd.ai,Referral: gethookd.ai,Referral: gethookd.ai,0.0,0.0
Other,Referral: getzowie.com,Referral: getzowie.com,Referral: getzowie.com,0.0,0.0
Other,Referral: github.com,Referral: github.com,Referral: github.com,0.0,0.0
Other,Referral: glamour.com,Referral: glamour.com,Referral: glamour.com,0.0,0.0
Other,Referral: glamourmagazine.co.uk,Referral: glamourmagazine.co.uk,Referral: glamourmagazine.co.uk,0.0,0.0
Other,Referral: glassdoor.com,Referral: glassdoor.com,Referral: glassdoor.com,0.0,0.0
Other,Referral: glownestwellness.ca,Referral: glownestwellness.ca,Referral: glownestwellness.ca,0.0,0.0
Other,Referral: glycanage.com,Referral: glycanage.com,Referral: glycanage.com,0.0,0.0
Other,Referral: gogorecipe.com,Referral: gogorecipe.com,Referral: gogorecipe.com,0.0,0.0
Other,Referral: harpersbazaar.com,Referral: harpersbazaar.com,Referral: harpersbazaar.com,0.0,0.0
Other,Referral: cleanprogram.com,Referral: cleanprogram.com,Referral: cleanprogram.com,0.0,0.0
Other,Referral: herbalistresources.com,Referral: herbalistresources.com,Referral: herbalistresources.com,0.0,0.0
Other,Referral: honehealth.com,Referral: honehealth.com,Referral: honehealth.com,0.0,0.0
Other,Referral: independent.co.uk,Referral: independent.co.uk,Referral: independent.co.uk,0.0,0.0
Other,Referral: isitnotlovely.com,Referral: isitnotlovely.com,Referral: isitnotlovely.com,0.0,0.0
Other,Referral: jamieanne.co,Referral: jamieanne.co,Referral: jamieanne.co,0.0,0.0
Other,Referral: jennakutcher.com,Referral: jennakutcher.com,Referral: jennakutcher.com,0.0,0.0
Other,Referral: juno.com,Referral: juno.com,Referral: juno.com,0.0,0.0
Other,Referral: kustomer.help,Referral: kustomer.help,Referral: kustomer.help,0.0,455.00000000000006
Other,Referral: laurenroxburgh.com,Referral: laurenroxburgh.com,Referral: laurenroxburgh.com,0.0,0.0
Other,Referral: lewrockwell.com,Referral: lewrockwell.com,Referral: lewrockwell.com,0.0,0.0
Other,Referral: frequencybreathwork.com,Referral: frequencybreathwork.com,Referral: frequencybreathwork.com,0.0,0.0
Other,Referral: freespoke.com,Referral: freespoke.com,Referral: freespoke.com,0.0,0.0
Other,Referral: force.com,Referral: force.com,Referral: force.com,0.0,0.0
Other,Referral: flodesk.com,Referral: flodesk.com,Referral: flodesk.com,0.0,0.0
Other,Referral: consciouscityguide.com,Referral: consciouscityguide.com,Referral: consciouscityguide.com,0.0,0.0
Other,Referral: corepoweryoga.com,Referral: corepoweryoga.com,Referral: corepoweryoga.com,0.0,0.0
Other,Referral: cosmopolitan.com,Referral: cosmopolitan.com,Referral: cosmopolitan.com,0.0,0.0
Other,Referral: coveteur.com,Referral: coveteur.com,Referral: coveteur.com,0.0,0.0
Other,Referral: daniellehamiltonhealth.com,Referral: daniellehamiltonhealth.com,Referral: daniellehamiltonhealth.com,0.0,0.0
Other,Referral: daum.net,Referral: daum.net,Referral: daum.net,0.0,0.0
Other,Referral: dearsundays.com,Referral: dearsundays.com,Referral: dearsundays.com,0.0,0.0
Other,Referral: devibrown.com,Referral: devibrown.com,Referral: devibrown.com,0.0,0.0
Other,Referral: dianekazer.com,Referral: dianekazer.com,Referral: dianekazer.com,0.0,0.0
Other,Referral: dingtalk.com,Referral: dingtalk.com,Referral: dingtalk.com,0.0,0.0
Other,Referral: drchristinemaren.com,Referral: drchristinemaren.com,Referral: drchristinemaren.com,0.0,0.0
Other,Referral: drruscio.com,Referral: drruscio.com,Referral: drruscio.com,0.0,0.0
Other,Referral: dtconnect.co,Referral: dtconnect.co,Referral: dtconnect.co,0.0,0.0
Attentive,-bfcm-black-friday,(no name),(no name),0.0,0.0
Other,Referral: elationpassport.com,Referral: elationpassport.com,Referral: elationpassport.com,0.0,0.0
Other,Referral: elle.com,Referral: elle.com,Referral: elle.com,0.0,0.0
Other,Referral: entrepreneur.com,Referral: entrepreneur.com,Referral: entrepreneur.com,0.0,0.0
Other,Referral: esquire.com,Referral: esquire.com,Referral: esquire.com,0.0,0.0
Other,Referral: evernote.com,Referral: evernote.com,Referral: evernote.com,0.0,0.0
Other,Referral: findniche.com,Referral: findniche.com,Referral: findniche.com,0.0,0.0
Other,Referral: fkzf.com,Referral: fkzf.com,Referral: fkzf.com,0.0,0.0
Organic Search,Referral: ecosia.org,Referral: ecosia.org,Referral: ecosia.org,0.0,0.0
Organic Search,Referral: duckduckgo.com,Referral: duckduckgo.com,Referral: duckduckgo.com,0.0,339.15
Organic Search,Referral: bing.com,Referral: bing.com,Referral: bing.com,0.0,164.875
Klaviyo,Browse Abandonment | Email #1 | 10% DSICOUNT (J4LhsS),(no name),(no name),0.0,439.66666666666663
Klaviyo,06.20.25 Impact of Travel (01JY1Z4NFQPQVANTK0PW8JWZKQ),(no name),(no name),0.0,0.0
Klaviyo,091824NonPurchaserCampaign,(no name),(no name),0.0,0.0
Klaviyo,103024HDStatsEmail2,(no name),(no name),0.0,0.0
Klaviyo,112024BFCMReminder8BundlesUS,(no name),(no name),0.0,0.0
Klaviyo,112624BFCMWeekReminder1UGCContentCA,(no name),(no name),0.0,0.0
Klaviyo,122324GiftingfortheProcrastinator,(no name),(no name),0.0,0.0
Klaviyo,122724HigherDoseResolutions,(no name),(no name),0.0,0.0
Klaviyo,20250606-AD-Cross-Sell-AD-x-HigherDose-Cross-Sell-Email*SL4-A02-Buyer-Engaged-180D (01JX32G1NX1WDP47PCTP6J8F67),(no name),(no name),0.0,0.0
Klaviyo,20250606-AD-Cross-Sell-AD-x-HigherDose-Cross-Sell-Email*SL4-A03-Buyer-Engaged-360D (01JX32G2YP2MK8MA7KDWDXDRWV),(no name),(no name),0.0,0.0
Klaviyo,2025_classic_member_welcome_email5_perks (Thn9aV),(no name),(no name),0.0,0.0
Klaviyo,Browse Abandonment | Email #1 | 10% DSICOUNT (Wu338g),(no name),(no name),0.0,0.0
Organic,Direct: none,(no name),(no name),0.0,33283.25935620262
Klaviyo,Browse Abandonment | Email #1 | NO DISCOUNT (Xmnms7),(no name),(no name),0.0,0.0
Klaviyo,Browse Abandonment | Email #1 | NO DISCOUNT (YwkFEV),(no name),(no name),0.0,0.0
Klaviyo,Browse Abandonment | Email #2 (RZn9A2),(no name),(no name),0.0,759.0
Klaviyo,Browse Abandonment | Email #2 (X2qPpv),(no name),(no name),0.0,0.0
Klaviyo,Copy 4 of SA | Loyalty Lion Launch (Sq79bB),(no name),(no name),0.0,0.0
Klaviyo,Copy of Browse Abandonment | Email #2 (SAEGNP),(no name),(no name),0.0,13.3875
Klaviyo,Copy of Browse Abandonment | Email #2 (VtCUQj),(no name),(no name),0.0,0.0
Klaviyo,Copy of Wonderment // Order Arrival (SRzvLJ),(no name),(no name),0.0,9.0
Klaviyo,SA | 01.05.24 | Loyalty Lion Launch (01HDGTJMFA869MTEQTAT32FV3B),(no name),(no name),0.0,0.0
Klaviyo,SA | 04.27.23 | Mother‚Äôs Day Sale Begins (01GZ1HFGTHEMKY3ZVNZN0HKGZ2),(no name),(no name),0.0,0.0
Klaviyo,05.29.25 MBS Teaser #2 (01JWH5B2ZZ7J9H38M26M1WWQNA),(no name),(no name),0.0,0.0
Klaviyo,(Email - Chris Kresser General News) Chris's Friday Favorites,HigherDOSE,HigherDOSE,0.0,0.0
Instagram Shop,UTM [IGShopping / Social],(no name),Facebook_UA,0.0,0.0
Instagram Organic,Referral: instagram.com,Referral: instagram.com,Referral: instagram.com,0.0,0.0
Google Ads,Google Ads (gclid),(no name),(no name),0.0,0.0
Google Ads,US_Brand_Alone_Phrase,Brand_Alone_Phrase,634407957035 (RESPONSIVE_SEARCH_AD),0.0,0.0
Google Ads,US_Brand_Consumables,Brand_BodyCare,734969934942 (RESPONSIVE_SEARCH_AD),0.0,0.0
Google Ads,US_Brand_Consumables,Brand_Supplements,734969934936 (RESPONSIVE_SEARCH_AD),0.0,0.0
Google Ads,US_Brand_Core,Brand_FSA/HSA,728667491972 (RESPONSIVE_SEARCH_AD),0.0,0.0
Google Ads,US_Brand_Core,Brand_FSA/HSA,731517090204 (RESPONSIVE_SEARCH_AD),0.0,0.0
Google Ads,US_Brand_Core,Brand_Website,728667497924 (RESPONSIVE_SEARCH_AD),0.0,0.0
Google Ads,US_Search_Brand_Alone_Exact,BR_Alone_Exact,727836901190 (RESPONSIVE_SEARCH_AD),0.0,0.0
Google Ads,UTM [google / (not set)],(no name),(no name),0.0,0.0
Google Ads,UTM [youtube / product_shelf],(no name),YT3-NmnzjryrcZHz4b4URFvoK-U7uss3X6fW8JTQxSEWCq4DklV7TNEi7xpHHEVIZRCNU-TNkCTZ-BxKVKykXwaEZNOrzaLSz_pR,0.0,0.0
Google Ads,UTM [youtube / product_shelf],(no name),YT3-OB6svs04U5a6cYJhHBAT1cJ-SwYk61U3yO6-FVB4cVWe4H2wtMnvBhxMIH9_IeHSfjEn96fjs-cmbUduki4FtXjY,0.0,0.0
Google Ads,UTM [youtube / product_shelf],(no name),YT3-SRRH-A9cP1WWyG90I7V64-Z_ZRbbqYFY9HhSwCvjjP7SJyKtojmMlWWNGT4HvVjxlCnfETvycRQu5f_BqgO7qHz9,0.0,0.0
Google Ads,UTM [youtube / product_shelf],(no name),YT3-VsLvaqbGqO6jaQF-CUmy4RlMOI95lZNu1DRv3a2-NrHBHNaMTaYW8498QMJquIbxZebdEZqn0H_QQjfdwW3g,0.0,0.0
Google Ads,UTM [youtube / product_shelf],(no name),YT3-_15lbHDGWIKdJ8isxbImEIzhhTlgxNYKKWwE1PV35QbUv1CnnF-67EfrIApOpoTqWy2qeTw2bMdO_zTJpp9H_r5Vl5EI_TSs,0.0,0.0
Google Ads,UTM [youtube / product_shelf],(no name),YT3-mf7Hm_b5y0yUnADz3w9PT4bp9VH3Id5-by3wYmdG9oPFqKkL3eEHpAwjZ0FCcKcxFHv5cqNwyZF6h5SoFJm0,0.0,0.0
Google Ads,UTM [youtube / product_shelf],(no name),YT3-s56oQXMcNDe8laTKQm6LCEOHEI06so8n3QDp6b3YBjKd_Jvi-JOOHFore3uea327utBrOF5b0a-aygwuFkhhYLzI4z54WQqB,0.0,0.0
Google Ads,UTM [youtube / product_shelf],(no name),YT3-uMHRN6sXSiam3bw6Yh0ZJaLPfaJ66qWn-1JuZvKT0MaYFaW38ikrSf8BqApMBsRwhO4UfFUT6MqU5612F4dnc5wD,0.0,0.0
Google Ads,UTM [youtube / product_shelf],(no name),YT3-zKbYv56QUIyuHkczFWDforchA3cl5VWARneMxpRVxQeqCCzoQ7iHoQXo1ReIqc6nRv5atSVW7nVKOSUKfYWwcESGLIeIyx94dw,0.0,0.0
Google Ads,[SB] - Evergreen - Demand Gen,Full funnel - Father's Day Sale 2025,Father's Day Sale 2025 Statics,0.0,0.0
Google Ads,[SB]-Memorial-Day-Weekend-Sale-Demand Gen,Full funnel,Memorial Day Weekend Statics,0.0,0.0
Google Ads,sag_organic,(no name),sag_organic,0.0,0.0
Klaviyo,SA | 08.16.24 | 2024 Beauty Independent Beacon Awards NOMINATION (01J5B8CY3DVHEVA4H1GGAR4NXQ),(no name),(no name),0.0,0.0
Klaviyo,SA | 08.23.24 | Labor Day Public Launch 20% Off (int'l) (01J605FN6AH8PBTB7BDCE6EFC5),(no name),(no name),0.0,0.0
Klaviyo,SA | 09.02.24 - LAST Chance Labor Day 20% Off (01J6AHGFH3EZ9MPQ9QF2AY5G79),(no name),(no name),0.0,0.0
Klaviyo,[SB] 05.27.25 - MDW Sale Surprise Extension Re-Send (01JVXDTMEQ2S6BRNVJADADY99X),(no name),(no name),0.0,0.0
Klaviyo,"[SB] 06.04.25 MBS Launch Body, Electric (01JWV4S1CF1Q5MX96HAPYXD2HE)",(no name),(no name),0.0,0.0
Klaviyo,[SB] 06.05.25 MBS Launch Activator Gel Spotlight (01JWV7GFAEPVYY8MVW291B8GJY),(no name),(no name),0.0,4.5
Klaviyo,[SB] 06.08.25 Father's Day Flash Sale (01JWSMZ5F24TFBCJFAVNJPQ8AF),(no name),(no name),0.0,0.0
Klaviyo,[SB] 06.09.25 Father's Day Flash Sale #2 [AM] (01JX3643Y80YR6CW58TCFXPMFA),(no name),(no name),0.0,0.0
Klaviyo,[SB] 06.09.25 Father's Day Flash Sale #2 [PM] (01JX36589GVYE5TVRNN9PQN5XS),(no name),(no name),0.0,0.0
Klaviyo,[SB] 06.25.25 High-Dration is the Key to Flow (01JYH8KM415M1VX71DYXHV0KEV),(no name),(no name),0.0,0.0
Klaviyo,[SB] 06.27.25 Electrify your Summer Detox (01JYMBHFMBRKDFK23R2Z19D9ES),(no name),(no name),0.0,244.0
Klaviyo,[SB] 06.30.25 What is DOSE? (01JYSD0V6GSGBZ25DRA720MZ72),(no name),(no name),0.0,105.6
Klaviyo,[SB] 07.03.25 DOSE At Home   Alchemize House (01JZ6JH98Q2CRPCAYXPK5QAMN1),(no name),(no name),0.0,1850.5
Klaviyo,[SB] 07.08.24 Summer Travel Bundles (01JZKKG3B90A5CZB9N4D376ASA),(no name),(no name),0.0,2601.380952380952
Klaviyo,[SB] 07.10.25 Travel Series (On-the-go) (01JZTFFSE4W6MF0A5924QV0JCW),(no name),(no name),0.0,3135.6007142857143
Klaviyo,[SB] 07.11.25 WTF is EMF? (01JZTHFPHM77CJH2W6W6RCBXZG),(no name),(no name),0.0,2638.5466304347824
Klaviyo,[SB] MDW Sale Browse Abandonment | Email #1 (UQhesz),(no name),(no name),0.0,0.0
LinkTree,Referral: linktr.ee,Referral: linktr.ee,Referral: linktr.ee,0.0,0.0
LinkedIn Ads,Referral: linkedin.com,Referral: linkedin.com,Referral: linkedin.com,0.0,0.0
Microsoft Ads,Microsoft Ads (msclkid),(no name),(no name),0.0,0.0
Microsoft Ads,US_Brand_Alone_Exact,BR_Alone_Exact,74286074429598 (ResponsiveSearch),0.0,976.0
Microsoft Ads,US_Brand_Alone_Phrase,Brand_Alone_Phrase,73736317564570 (ResponsiveSearch),0.0,0.0
Microsoft Ads,US_Brand_Core,Brand_Core_Infrared,73805038251290 (ResponsiveSearch),0.0,0.0
Microsoft Ads,US_Brand_Core,Brand_Core_Website,73667598485349 (ResponsiveSearch),0.0,0.0
Microsoft Ads,US_Shopping_AllProducts,All Products,73598880603526 (Product),0.0,0.0
Klaviyo,[SB] 06.03.25 Founder Note: The Magic of Microcurrent (01JWS6HVPM4CPCNWEH0T06CRRS),(no name),(no name),0.0,0.0
Klaviyo,[SB] 05.27.25 - MDW Sale Surprise Extension (01JVJYGR0TEFWJZW5NAD65C2Y3),(no name),(no name),0.0,0.0
Klaviyo,SA | 11.07.23 |  Why Sauna? (01HEMYTPSX309TNP2DB9Z9N59D),(no name),(no name),0.0,0.0
Klaviyo,[SB] 05.20.25 - MDW Sale Early Access (01JVJWRF0HBW30JX8Q63KVXRDN),(no name),(no name),0.0,0.0
Klaviyo,SA | 11.25.23 | BCFM: Countdown (01HFTCBHNDJYQ5A6Q15ZRVQ0EE),(no name),(no name),0.0,0.0
Klaviyo,SA | Abandoned Cart | Email #1 (Uwpgaj),(no name),(no name),0.0,8.4
Klaviyo,SA | Abandoned Cart | Email #2 (S9KsXG),(no name),(no name),0.0,359.09999999999997
Klaviyo,SA | Abandoned Cart | Email #2 (UatT2j),(no name),(no name),0.0,0.0
Klaviyo,SA | Abandoned Checkout | 10% DISCOUNT | Email #1 (RmzGyL),(no name),(no name),0.0,314.1
Klaviyo,SA | Abandoned Checkout | 10% DISCOUNT | Email #1 (UJk9N8),(no name),(no name),0.0,5.813095238095238
Klaviyo,SA | Abandoned Checkout | 10% DISCOUNT | Email 2 (RFSb4p),(no name),(no name),0.0,32.025
Klaviyo,SA | Abandoned Checkout | 10% DISCOUNT | Email 2 (XqGnH5),(no name),(no name),0.0,314.1
Klaviyo,SA | Abandoned Checkout | NO DISCOUNT | Email #1 (XgaBUy),(no name),(no name),0.0,1190.0
Klaviyo,"SA | Customer Thank You, Email #1 (UD2H7W)",(no name),(no name),0.0,0.0
Klaviyo,"SA | Loyalty Lion Monthly Reward Reminder, Email #1 (WvYBVk)",(no name),(no name),0.0,0.0
Klaviyo,"SA | Loyalty Lion Reward Available, Email #1 (RbMYNA)",(no name),(no name),0.0,0.0
Klaviyo,"SA | Welcome Series, Email #1 | 10% OFF (XwgVwC)",(no name),(no name),0.0,3962.38
Klaviyo,SE | Subscription Started (UERsSC),(no name),(no name),0.0,0.0
Klaviyo,UTM [Klaviyo / (not set)],(no name),(no name),0.0,0.0
Klaviyo,UTM [Klaviyo / campaign],(no name),(no name),0.0,0.0
Klaviyo,WELCOME | EMAIL #3 (TsH5tn),(no name),(no name),0.0,0.0
Klaviyo,"Welcome Series, Email #2 [UPDATED] (RTszxr)",(no name),(no name),0.0,0.0
Klaviyo,"Welcome Series, Email #4 (UjRp77)",(no name),(no name),0.0,0.0
Klaviyo,Wonderment // Order Shipped (Rr6pKY),(no name),(no name),0.0,5.813095238095238
Klaviyo,Wonderment // Shipment Out for Delivery (R7aCqL),(no name),(no name),0.0,11.626190476190477
YouTube Organic,Referral: youtube.com,Referral: youtube.com,Referral: youtube.com,0.0,0.0
